Site,System,Subsystem
Apalachicola River,Apalachicola,Apalachicola
Blackwater River,Yellow,Blackwater
Choctawhatchee Bay,Choctawhatchee,Choctawhatchee_Bay
Yellow River,Yellow,Yellow
Suwannee River,Suwannee,Suwannee
Bogue Chitto River,Pearl,Bogue_Chitto
Pascagoula River,Pascagoula,Pascagoula
Choctawhatchee River,Choctawhatchee,Choctawhatchee
Escambia River,Escambia,Escambia
Escambia Bay,Escambia,Escambia_Bay
Brothers River,Apalachicola,Brothers
Pearl River,Pearl,Pearl
Upper Middle West Pearl,Pearl,UMW_Pearl
West Middle Pearl River,Pearl,WM_Pearl
Yellow  River,Yellow,Yellow
Ocklocknee River,Ochlockonee,Ochlockonee
Ochlockonee River,Ochlockonee,Ochlockonee
Pascagoula,Pascagoula,Pascagoula
Paiges Lake/Honey Hole,Pearl,Bogue_Chitto
Honey Hole,Pearl,Bogue_Chitto
Bogue Chitto,Pearl,Bogue_Chitto
South Of Honey Hole,Pearl,Bogue_Chitto
Suwannee,Suwannee,Suwannee
Escambia,Escambia,Escambia
Yellow,Yellow,Yellow
